{"cameraMode":{"drawMode":0,"name":"Shaded","section":"Shading Mode"},"sceneLighting":true,"audioPlay":false,"sceneViewState":{"showFog":true,"showMaterialUpdate":false,"showSkybox":true,"showFlares":true,"showImageEffects":true,"showParticleSystems":true},"in2DMode":false,"pivot":{"x":0.39984095096588137,"y":-0.16046059131622315,"z":0.3844091296195984},"rotation":{"x":-0.3452906310558319,"y":0.2931017279624939,"z":-0.11446283757686615,"w":-0.8841750621795654},"size":0.8684739470481873,"orthographic":false}